,corpus
0,appl get swype iphon crack iphon
1,appl ad carrier support iphon announc
2,hilari youtub video guy duet appl siri pretti much sum love affair http co exbnqji
3,rim made easi switch appl iphon see ya
4,realiz reason got twitter io thank appl
5,current blackberri user littl bit disappoint move android appl iphon
6,strangest thing siri said far sooo glad appl gave siri sens humor http co twaeudbp via happyplac
7,great close person event appl tonight regent st store
8,compani experi best custom servic asid zappo appl
9,appli job appl hope call lol
10,rt jamaicanidl lmao think appl onto someth magic die haha siri suggest find whore h
11,lmao think appl onto someth magic die haha siri suggest find whore hide bodi lolol
12,rt philliprowntre regist appl develop hope actual help greatli appreci
13,wow great deal refurb ipad first gen model rt appl offer great deal refurbish st gen ipad http co ukwokbgd appl
14,regist appl develop hope actual help greatli appreci
15,current learn mandarin upcom trip hong kong gotta hand appl iphon uber use flashcard app
16,come dark side gretcheneclark hey appl send free iphon publicli ceremoni burn blackberri
17,hey appl send free iphon version publicli ceremoni burn blackberri
18,thank appl find mac locat wipe stolen air smallvictori thievingbastard
19,thank appl covent garden geniusbar replac macbook keyboard crack wristpad lunch break today warranti
20,dailydealchat appl thank
21,ipad replac bound playbook n f l team http co uxawkwf appl nytim
22,appl good ipad
23,appl siri eff amaz
24,amaz new appl io featur http co jatfvfpm
25,rt triplingo one featur educ app appl websit today sweet http co ywvbe z
26,one featur educ app appl websit today sweet http co ywvbe z
27,want someth done right go appl useless day yourdaysarenumb
28,unexpect workshop iphon appl yesterday got awesom amount info notjustaboutthephon gamerchik
29,lt io appl
30,rt appl question bro rt ainteeentrippin get di iphon evo
31,rt imightbewrong peopl bitch iphon think smartest phone ever happi
32,peopl bitch iphon think smartest phone ever happi way go appl
33,twitter ceo point appl corpor mentor io signup tripl http co gci iphn
34,bu iphon thxx appl
35,aze v appl umber appstor well done itun mobil devic talk desktop app
36,nytim coach want see bring ipad http co j ftieng ipad appl set red red hut hut nfl wish ipad
37,appl jiliv danielpink appl sell million iphon unit first weekend steve job brillianc live ever iphon rva
38,bkad apolog appl
39,appl download io prove popular user http co nshlfiux
40,lmfao look argument siri ijustin appl http co vjl si
41,incred million iphon ss day better iphon http co fmjxtmm appl iphon
42,save hp unwant os help buy iphon seen light lol http co gup acz backchannel appl
43,well appl fix io batteri drain problem replac iphon work like champ
44,current order brand new macbook pro bahhh macbook year old miss time cc appl
45,bless appl
46,siri know dad mom brother girlfriend thank appl
47,well least appl store amaz call wait music need
48,sweet appl replac glass probono thank appl
49,bad appl sell million iphon debut weekend bloomberg http co avsl ygu smartphon sm rt vinodrad
50,love new technolog appl iphon mac air icloud unreal technolog
51,love new io updat appl
52,anoth mention appl store http co fiioapkt rt floridamik get great custom servic appl store
53,time go get iphon look forward stick man longer pay text thank appl
54,hey appl hate comput need mack wanna send free one
55,thank appl new gf iphon great everyth
56,icloud set flawless work like champ cloud appl
57,wisconsin mommi appl total email compani alway get great servic appl store
58,appl love new io upgrad iphon
59,nice appl tech support guy fix itouch
60,get great custom servic appl store millenia mall
61,io faster ipad appl
62,love appl imac even though seen hubbi day geek
63,make switch android appl iphon iphon smartphon stevejob appl store http co kj pjvkh
64,thank incred peopl appl go beyond offer replac water damag macbook pro wow
65,play man love camera iphon well done appl fb http co tmdfqre
66,yeah appl io readinglist chang life nowicanspendevenmoretimeonmyphon
67,appl safari reader own worldwid web
68,love appl servic case crack x go hand case walk
69,twitterpeopleiwouldliketomeet coollik thegadgetshow thelittleappkid jon laker benruberi appl twitter fxhomehitfilm
70,said laid next year appl job last iphon iphon iphon g magic http co dxxklubp
71,kind excit way last class right go appl store buy macosc snow leopard lion
72,use blackberri yr disrupt lost gig thx servic im move appl iphon
73,appl sell million iphon day appl keep well http co zzc w
74,yessss lovin iphon updat especi slide bar top screen good job appl
75,million weekend iphon per second mad appl
76,appl got invest macbook pro next year time get sell android gear
77,iancollinsuk appl like
78,sent grandma post card use cardsapp thank appl
79,sorri blackberri move appl
80,kostatsetseka appl put wash kind equival blend glad hear still aliv
81,launder ari iphon finest moment dri bag organ rice day boot appl
82,bravo appl http co bgotzj k
83,god bless youtub appl appletv bad ass system love princessofchina gb coldplay rihanna
84,twitter day smash iphon appl nice gave new one
85,thank appl io email pop lock screen open unlock
86,one word wow rt jldavid iphon first weekend sale top four million http co zx pw gt via appl
87,good iphon well today thank god appl
88,rt mn nova love io easter egg pull middl top bottom see pull awesom littl featur io appl
89,love io easter egg pull middl top bottom see pull awesom littl featur io appl
90,love io easter egg pull middl top bottom see pull awesom littl featur appl lovemyiphon
91,updat io start use cloud servic pretti bad ass appl iphon gs still champ
92,gone run beauti morn man love io appl iphon
93,appl simpli best
94,must admit appl made happi camper text tone lol ring tone makemeproud drake ver text tone nicki
95,day thank great custom servic receiv today appl via phone cs new phone way daysofgr
96,appl replac phone free
97,love new ipod updat appl
98,alexlindsay wife upgrad iphon think siri alon worth upgrad look forward appl continu enhanc siri
99,rt tomkeen thx instagram thx appl hypo tri x http co bppjwncp
100,stevejob honor tonit appl truli great loss world miss
101,thx instagram thx appl hypo tri x http co eejhbt
102,love new iphon thank appl io
103,love much thank appl http co ui loezx
104,appl iphon great geniu
105,appl card app notifi card sent arriv local post offic deliv today sunday truli magic
106,love new appl updat think get better somehow simplifi life right appl
107,appl siri amaz
108,rygurl need appl iphon siri
109,meet siri new iphon butler click link amaz http co lvffdcel appl
110,use work pc never ever get feel worst speaker ever appl spoil imamac
111,appl http co iaa
112,appl got new io upgrad imessag good luck surviv blackberri
113,love io awesom appl
114,rt mattyriesz kathrynye right iphon must addict welcom appl club
115,thank appl innov exhibit guy play facetim instead watch game sport bar http co ou k ge
116,blackberri boo hiss appl wuhu berri power technolog actual work
117,appl far best ipod first time iphon ever good job guy
118,thank steve appl store th av http co nsaisrip
119,appl siri witchcraft next googleresearch yr lead lost
120,appl io sweet notif phone search cover mail wifi sync icloud backup integr twitter well done
121,rt katebett anoth great jame stewart stori today ny time import architectur appl retail success http
122,anoth great jame stewart stori today ny time import architectur appl retail success http co kniz
123,lt appl http co ondxwper
124,welcom twitter world markstuv due io appl thank guy
125,impress servic appl geniu bar metro centr power cabl replac free n book screen replac free
126,rt deb lavoy nice guy appl store replac phone grati show hairlin crack screen thank appl
127,nice guy appl store replac phone grati show hairlin crack screen thank appl
128,iphon batteri last longer day happen sinc edg iphon nice job appl
129,would taken min write blackberri thank u appl convert show grass greener
130,rt herahussain rickysinghpt got new backsid eye phone v impress appl
131,rickysinghpt got new backsid eye phone v impress appl
132,iphon space http co jinnhvwz amaz creativ appl product inspir peopl unbeliev thing
133,thank appl make ipad feel like new new io
134,ibertaddigit tv ipad briliant stevejob produck http co ohfli appl present http co dbbwsdpx
135,use awsom ipad love love macbook ipod amaz love appl
136,appl io upgrad done much better featur featur requir
137,new io updat best ilovey appl
138,final got iphon thank appl stupid att learn lesson
139,absolut love iphon thank steve appl
140,appl invent product actual get brother call parent get go amaz siri ipod
141,dammit listen siri make want upgrad well play appl
142,creat new folder within photo album io final thank appl thorn side newfeatur
143,video card kimari workstat die six month long hp hello appl
144,blackberri facebook u r realli make throw blackberri trash get appl iphon facebook upload issu
145,io updat submit appl thank support
146,awesom servic appl store pc thank chri
147,rt ne appl thank fix http co wtj ogdo
148,crazi io photo crop best appl
149,appl thank fix http co wtj ogdo
150,hell ye got contact back thank appl
151,rt sawyerhartman fu king love appl phone best thing ever siri best thing ever made
152,appl chang life
153,mad prop appl employe charg replac back plate iphon made day
154,jonsibley actual appl mous pretti sweet man
155,iphon amaz siri voic recognit absolut step previou attempt bravo appl
156,final got appl iphon thank sprint get time
157,io nice thank appl
158,good support fm kevin appl bellevu store biz custom ty
159,download io better expect thankyou appl
160,wow love new appl updat touch cool well done
161,appl siri amaz love
162,love love love io appl
163,rt cjwallac appar appl put mb cap sm new updat mb storag tell inbox full w
164,rt jewelz mashabl appl iphon r expens went w htc galaxi custom loyalti w phone comp
165,mashabl appl iphon r expens went w htc galaxi custom loyalti w phone comp
166,kill appl http co jw z c rip appl
167,appl tune go iphon iphon lone without silli io
168,appl need hurri releas itunesmatch
169,siri alway appl
170,need exchang cord appl store wait geniu appl
171,appl airdrop fail immedi declin request everi time
172,good articl appl fuck lion futur http co zndp vr fb
173,rt radlerc yellowg iphon user complain yellow tint screen http co uaqrxtnk appl iphon
174,yellowg iphon user complain yellow tint screen http co uaqrxtnk appl iphon
175,one iphon featur still miss sinc appl first show contact pictur contact list simpl yet major updat miss
176,ask siri dream electr sleep disappoint snippi answer miss opportun appl
177,paulen surpris appl throw error alert author author comput button
178,lisa mari shhhh evil sith lord appl may hear ha
179,fuck appl die fuck blaze inferno
180,oh appl steve obvious noth iphoto perfect opposit insan great get fix pleas
181,omg appl fuck delet music dick
182,ryanbaldwin appl itun go store gt authoris auto authoris sign itun grrrr
183,serious absolut of clue appl mean author
184,boy could appl make harder put purchas music cloud new macbook pro must author comput
185,shit shit shit io updat ate app data media like appl said would go take time rebuild
186,appl u cannot tell least gb iphon la vega give fuck break
187,love appl download hour pad wonki ripstevejob thenonsensepersist neednewipadguid fatfuckingch
188,dear appl new air notbook sinc updat kill wifi bug destroy product
189,done att appl profit lack custom servic fuck
190,would great appl would send new phone frustrat
191,appl thank ruin gs io turn phone utterli useless pile shit
192,rogerweir option replac iphon sure want one duff iphon iphon appl
193,appar appl put mb cap sm new updat mb storag tell inbox full
194,know appl almost week sinc paid itun match would realli like use eta fix
195,remov appl shit
196,phoenixswing iphon give hella hard time w io updat appl
197,suck hello appl rt phonedog aaron interest note droid razr batteri remov
198,appl send iphon preorder hr launch can send jackass want shoot blend em
199,gotta say appl itouch iphon shuffl etc sound qualiti aw pain crap downgrad soni sound qualiti wise
200,bisquiat appl upgrad slow phone much stuck half time uch thank damag suck
201,mayati think appl thorough job step x step upgrad move icloud cost mightili
202,hey appl io iphon includ song compil album artist name whaddupwitdat
203,nickthefnicon send rcve txt apt appl pm exclaim wait whole year phone lmao
204,total chao appl store regent street like ethiopian feed station believ co make cool shit
205,fishmama made purchas wait appl survey hate go b c bad custserv
206,correct best buy kudo chri alamo ranch tx fix issu resolv day w att appl hero day
207,phxguy appl bgr ppl stand line hr get newest model sucker
208,would kill appl put braill type bump earbud know bud r l dark
209,appl wow motorola crush dream
210,rt phxguy oh fuck appl alreadi gt iphon schedul summer launch http co ofh ptag via bgr
211,oh fuck appl alreadi gt iphon schedul summer launch http co ofh ptag via bgr
212,appl wait thursday avail appoint geniu tell shit luck
213,wtf appl new io allow get push notif newstand siri keep yap fuck
214,appl ipad io messag icon includ use
215,steelo yea pre order appl sorri like
216,interest appl requir reserv appl iphon http co zzk ftii
217,appl iphon batteri crappi fail
218,appl macbook keyboard type
219,appl icloud sync sticki alway around noth everi progress w appl gruber
220,appl new save version function page absolut aw interrupt counter intuit piec crap world
221,hate appl comput that dollar drain
222,appl iphon charg slowli
223,appl io gm ipad slow wash better beta solv problem give ipad
224,appl wish could pick month day year set new calendar item iphon new io fix yet
225,appl itun worst program ever great phone make aw softwar
226,one would think voic recognit appl tech support line would work littl better
227,appl repair ipad appl lost year android come
228,aze v appl umber proper consolid proper sync stop lose purchas item checkbox think
229,asimrang appl umber desktop app wack though
230,made reserv yet still wait line humpt oh appl appl store w other http co jzmvbdnm
231,frustrat bought new macbook pro appl find doesnt ship media expensivepaperweight
232,dear appl turn awesom featur enabl data plan handl mb data
233,dontbemadatmebecaus android far better appl
234,appl problem io prevent audio app audio function oper properli keep lose sound
235,appl appl one thing hater mous butteri finish fast happi macworld macworld http co uh vt
236,hey appl stop send automat depreci iphon older signal iphon die rapidli processor wise
237,thing bad new canon camera two compact flash card one sd sd goe appl comput damn
238,wtf appl page new term condit u updat ur app itun store u realli think read em realli
239,fuck u appl
240,oh prolli ganna late work bc appl screw phone alarm
241,fuck dose phone decid ganna freez everi time tri updat fuck sick appl
242,u need text wait u wont get cuz appl fuck everi time fuckingpiss
243,imessag show time messag sent annoy appl
244,like appl da fuck shit http co nb dhlsg
245,rt circustk wit chu shaydiddi offici boycot up call appl curs next use wast
246,damn appl whatchu done phone
247,samsung seek iphon ban japan australiapat war intensifi injunct sought appl http co qmwjtvnk
248,appl everi time io softwar updat ipad goe dead need total restor fail
249,appl io noth pain ass room music photo app undo garbag
250,appl reserv system work show product avail let alon iphon site open browser pm noth
251,rt reddeersteph joelplan appl hear troubl even turn bright andshuttingdownru
252,joelplan appl hear troubl even turn bright andshuttingdownrunningprogram nohelp
253,albertm rememb appl evil icloud enter dropbox market
254,know other issu rt joelplan second full charg day piss appl
255,second full charg day piss appl
256,rt shaydiddi circustk up appl bs u tell go certain time muh fuh close
257,wit chu shaydiddi offici boycot up call appl curs next use wast time
258,ugh appl your reserv page iphon work
259,itun appl worst product wors newton hockey puck mous utterli pain use
260,der icloud hate u hope die worst fuck invent world fuck youuuuuuuuuuuu icloud appl stevejob
261,updat io lose everyth phone wont let sign itun account thank appl
262,suddenli lost address book gs iphon someon use appl id fuck
263,oh iphon overcapac huh appl let great
264,issu updat itun window pc realli compat sent time talk appl care use
265,appl u guy gay
266,restor iphon still text dear appl love restrict sm text io io atemydingo
267,none app work new io appl
268,seemingli endless loop call appl up verizonwireless investig miss iphon crankywithnophon
269,wisconsin mommi appl terribl hope get apolog
270,zombiebomb phone verizonwireless appl pretti much ever sinc realli annoy
271,chascouponmom appl get busi w new phone want buy stylu made wait forev outsid never
272,appl iphon pleas deliv daughter drive nut iphon
273,sprint bestbuy still word iphon preorder best buy blame sprint sprint blame appl want honest answer help
274,hey appl sm full messag complet shit ye annoy
275,never poor custom servic appl happen appl store w other http co gklxmui
276,appl servic experi realli fuck slip except cute eyelash bat girli appl store http co dohdenmg
277,ipa hour jailbrok shag itun letm restor appl sym
278,hailfir irvysan appl happen snatch siri could douchebag say
279,appl think make siri total depend network connect siri att utter frustrat
280,wow geniu bar reserv line appl ridic right amus ugh
281,iphon appl
282,appl batteri life suck io
283,appl updat seem render work machin incap open hdv video thank appl zero use product today
284,appl commit cloud storag idisk rain soon idisk plan new servic storag
285,hey appl share remind list iphon also login icloud webpag modifi share phone
286,appar fuzzbal crash io congratul appl anoth incompat upgrad
287,could appl lion pleas integr vertic space mission control horizont busi make nauseou
288,someon plz explain whhyy appl distribut phone per day sprint store realli http co uf tak f
289,gah appl io open text messag pain slow top restor attempt succeed earli adopt get better
290,dear appl pdf epub file disappear ibook iphon post io upgrad hurt gs needsomethingtoread
291,cbm lie appl batteri new iphon definit better lt lt check set time app usag io
292,huge podcast fan realli feel like appl drop ball one http co wvzprbci via carrypad
293,realli like siri voic perhap appl get star war voic like garmin http co psujg pn
294,carlton realli hate deal brain dead peopl appl store good product custom servic suck nz
295,realli hate deal brain dead peopl appl store good product custom servic suck
296,make photo album photo app io password protect um appl fix quickli
297,anyon els see miss signal bar iphon gs upgrad io cc applecanada appl forstal
298,rt cbm lie appl batteri new iphon definit better
299,appl want know custom think dont send updat norepli return address invent anyway useless
300,everi time tri voic control ipod touch send imessag start play knew pink still flawless appl
301,studi work hold appl hurri fuck nopati
302,ok hindi keyboard io someth cheer appl support miss indian languag fail
303,rt scottduga warn iphon app spontan loos data might app fault http co sesvwwm io downgrad
304,betweensunday ah yeah option hope appl figur thx
305,wait item copi itun everyth copi goe come appl hell
306,appl unhappi servic product qualiti buy appl
307,lie appl batteri new iphon definit better
308,philipgrey dear appl gotta go chang way lt input type number gt handl blue
309,hold appl custom servic minut wow lt like timewarnerc
310,anyon els stuck dupe calendar mail batteri suck appl hell icloud osx lion disappoint
311,inventor comput mous appl never made one complet piec fuck shit
312,appl kill excit io longer tragic batteri drain geniu bar want replac batteri realli
313,st impress io disappoint w upgrad restor lot app folder miss appl much time went org fail
314,prjusto question appl rememb dissent
315,appl multipl time siri troubl connect network siri need server exercis
316,imessag still work appl
317,rt jimmcniel appl resolv siri network issu need renam great product sorri els havin
318,dear appl gotta go chang way lt input type number gt handl blue
319,ugh wtf bottleneck paypal appl
320,rt doug newton appl pleas fix siri connect network
321,appl pleas fix siri connect network
322,appl resolv siri network issu need renam great product sorri els issu
323,chanc appl releas good headphon dont blast music outsid ear iphon ipod quit obnoxi
324,appl siri work due network problem serious fix iphon fail
325,trisha ps icloud cloudi appl tech techi
326,electricsoup connect appl process command fail right
327,see appl happen releas iphon crappi design old phone
328,rt bonkoif look like appl appropri project resourc need siri reliabl
329,look like appl appropri project resourc need siri reliabl
330,spoke appl rep phone could hear tv blare bg said actual help u direct u back web
331,wrong siri today appl
332,appl siri
333,suspect appl time health declin iphon perfectli iphon releas batteri serious ail
334,hold anoth half hour phone ring one pick appl stink
335,ok appl softwar updat iphon take waaaaay long annoy
336,appl would better inform custom properli migrat icloud mani complaint lead imag damag http co ql zmppo
337,appl io rape batteri life use phone lot sinc get
338,jane gazmaz hope small bug appl must fix right appl itjustwork
339,samsung appl realis realli piss custom base well look petti
340,appl app updat origin folder locat pain
341,appl domain fail open hr late walk ppl store empti need skin screen repres custom servic fail
342,brianmincey appl chipset tear batteri life cowork htc thunderbolt get hour life
343,wish appl updat would stop tri ram itun throat piss iphon appl
344,iphon run slower sinc io updat appl verizon
345,search voic year old nexu one appl
346,appl updat server time week forc restor w new io softwar lost stuff thank
347,appleupd success stori iphon ipad phone appl min ipad wast time appl replaceit
348,thank minut wait hold half hour actual talk someon appl tech decid send email fix phone
349,upset inconvenienc iphon updat fail backup iphon appl
350,serious appl financ damn phone greedi bastard santa get jolli ass gear get us white plz
351,schedul busi spend unqual time att appl recov iphon mo mobil get mo immobil sync
352,ponder io updat sound mikeferri difficulti may hold appl fix
353,twalv appl know issu dst alarm p
354,book appl geniu bar hour still serv disappoint appl store sydney thanksfornoth
355,appar appl geniu train extend clock servic half hour late appoint let know
356,screw appl io download crap tire tri get problem figur connect time
357,wow icloud mail st io upgrad issu realli hope appl without steve job
358,appl guy test upgrad put hr u guy wast time yesterday thank
359,go appl product first ipad freez still frozen iphon turn techietroubl
360,ipad perpetu restor loop tri upgrad io appl sux without steve
361,nd appl geniu apptment run late nd day row nd dodgi ipod make mega hire staff
362,took appl year figur properli syncron iphon wow io
363,appl went th ave store told could wait hour get needless say back hotel relax
364,overal fan iphon howev siri issu connect network appl
365,terribl custom servic lo gato appl pay bad home button iphon
366,appl thank suck much cannot believ would sell someth onlin made
367,major batteri drain issu sinc updat iphon io anyon els appstor iphon appl
368,dear appl pleas send mac book back sure repair done thank
369,appl thank io love music break like talk mobil cell phone bring back function iosdonwgrad
370,appl io iphon caus camera apperatur dilat problem freez
371,appl io geoloc suburb word drop map pin state pleas fix
372,sorri appl imessag never bbm disappoint
373,iphon siri work shit appl
374,clarenc thoma must design new osx lion toss decad workflow standard appl bring back save autosavesuck
375,offici hate appl fix damn itun
376,dear appl staff littl rock store answer first question know hard question
377,semilshah yeah except ask receipt take minut figur print fix appl
378,rt jdougyj hey appl wanna fix fuck playlist order piec shit
379,bummer yahoo ipad fantasi footbal app keep crash sure app new appl io two app run
380,appl suck dick gotta restor ipad annoy
381,line appl stupid
382,nansen man sux appl io upgrad total fail
383,dear appl contact terribl clean duplic hour magic reappear fix
384,much ask app incompat appl http co ykqip nk
385,piss whoever design keyboard appl home end key work cli use key often
386,novatyl appl mine gone recov save b upgrad iphon soooo piss
387,hey appl wanna fix fuck playlist order piec shit
388,siri hard time rememb sister contact card need space famili info iphon appl
389,io get sloppi appl u need check qa team mani issu app data sync
390,rt nansen sm full messag known appl issu new io updat tri restor els fail restor
391,glad paid appl care protect plan hold minut great custom servic
392,happi appl right upgrad itouch took itouch laptop help
393,say appl right goodridd see cancer bad
394,twitter look problem ipad open messag crash app appl mayb fault
395,appl point icloud wireless updat io forc use comput charg ipod touch worstupdateev
396,robert terpstra worri bud ps say lot network issu right appl mac problem
397,hate appl send toledooh bestbuy iphon verizon even pre order
398,pmphillip appl non appl equip broke often guess need asu geniu bar
399,new appl iphon os duplic ical event everyth fix tri turn icloud
400,dear appl conveni handi thought smart iphon io updat app work anymor none gr mbl
401,hey appl know steve job die twitter ipad app keep crash fix pleas lol f light
402,appl happi appl today suggest softwar updat noth work
403,smash yet anoth iphon screen appl gonna make phone durabl tire fix
404,io one problem save someon contact show nam becuz region appl appl
405,sure hell better abl restor calendar event terribl bug appl appl icloud anothericloudfail
406,realli hate appl let hide newsstand app move folder serv purpos
407,life much easier appl blackberri fruit
408,appl locat remind ipad point updat io
409,compar offic live googl app appl icloud see icloud lead crowd agre
410,rt mikeferri appl fix io week buy droid emptythreat
411,turn comput fix meant fuck appl go back geniu bar complain annoy
412,appl fix io week buy droid emptythreat
413,appl pl launch siri iphon disappoint spend hour upgrad io
414,appl suck fuck iphon better glad like caus servic fuck terribl
415,first time unhappi appl product disappoint internet seem confus right
416,week appl io consid go back jailbroken featur plu stabl though
417,issu siri reach network today mani use signal appl
418,new io complet fail upgrad phone stuck restor loop thank appl wast day undo
419,iphon run littl warm sometim appl
420,appl wtf add newsstand folder alreadi wall garden pleas remind us
421,appl see none microsoft offic program work anymor lion upgrad
422,dear appl want newsstand icon screen notcool
423,blackberri take better qualiti photo appl iphon though give photograhersey
424,ok itunesmus idk wth sync phone album art order wtf appl
425,wish siri could tweet appl fix
426,appl still wait deliv phone sprint
427,never purchas anoth appl product rest life glad steve job fuck dead may fuck rot hell
428,thank appl new imac brick cannot instal lion cannot purchas instal former owner
429,ask siri babi lisa told sorri troubl connect network right appl server fail io
430,thing io done delet tiger wood game made imposs retriev thank appl
431,damn appl break wififofum continu work io one use app damn appl overbear polici
432,yo appl updat disast
433,dear applecongratul su insur compani manag make top shit list ineedthosepictur
434,dear appl must let turn icloud save bandwidth delet everi document ipad bullshit
435,rt joelburn dear appl thank beauti new io featur miss old one lk make call text gt
436,far worst experi upgrad version io appl io
437,happen rt xcuntnuggetx never purchas anoth item appl
438,never purchas anoth item appl
439,rt leiboaz wow worst appl custom servic experi ever arrog inept bad combo biltmor appl store
440,wow worst appl custom servic experi ever arrog inept bad combo biltmor appl store
441,hey guy appl wtf happen iphon io suddenli fade black begin vibrat continu reboot
442,hbogo appl play nice let use hdmi ipad pretti lame
443,warn iphon app spontan loos data might app fault http co sesvwwm io downgrad appl marcoar
444,first imag photo roll made serious appl fuck much
445,appl iphon plu io equal half batteri life
446,appl itun updat wanna updat iphon io itun say need updat fail
447,appl let use credit itun unless credit card told redeem card sound fair
448,amandbrar appl siri work less time servic improv monday return iphon
449,azrael rt davidegori mobilem issu sync access mail good premis icloud appl
450,need appl help instal new io iphon stuck find iphon screen keep click next work
451,bummer appl icloud sync window w outlook thunderbird ie firefox chrome sadmac
452,disappoint visual merchandis appl simpl lack eleg sequenc even tell us siri http co xv q gfi
453,termin hold appl support must person troubl new iphon synch
454,appl thank appl io lose contact
455,appl give app back
456,appl io nonstop drop call mute button randomli activ person cant hear pull phone ear mobil screen
457,rt tomcolontonio occur appl appl ppl share itun account amongst famili wtf
458,tomcolontonio appl epicfail
459,minut iphon post io upgrad lost charg appl store folk idea
460,cut cord make podcast even harder manag subscript wth appl http co ld x io via carrypad
461,less hour post io iphon gone batteri charg appl store folk solut
462,well appl seem b screw iphon resellar still dont yet promis similar bell monopolist prctice
463,also ericgreenspan forget appl stop close app store bloodi purchas
464,appl cu
465,sigh appl store seem stump catastroph bad batteri life upgrad io
466,hmmmm lot siri featur work canada locat direct serious appl come
467,appl siri connect network less use voicecontrol
468,appl took siri made exclus iphon sorud
469,total time phone appl hour minut let see goe
470,wait line noth fuck geniu appl call app john jean stop fuck name im french boy pcam
471,dear appl one day go releas version itun freez often work one day
472,hr sinc report up theft iphon appl done noth return call promis noth
473,bode well charg night appl iphon batteri hr charger call light use
474,houston problem ipad restor hour instal appl io right
475,siri went littl last night come appl get shit togeth launch
476,ford team appl instead microsoft make sync system new focu car sweet sync epicfail
477,rt gdcurri realli appl done itun click music movi tv show playlist get l
478,damn appl
